follower_user_fk,follow_user_pk
988d0f89596705e72390b7a8a11a66ae8b190a31a4754ae433,d0d4c86dd12bc75be4abdc7a0f25190c295f65f600c3a5ce7c
f6cc069eb2cb174dc2b46be66a75f330a907769572f37c0d77,6dbe6b5a8cd69aef2cb02c20b62849837d0b262e70400bcfe7
9b66842d0782467e5ef6fdd1ae53eb3cca595ea160b084c135,76ebc793f16ef6bc67b97d13b9248ad6b3acd13396835190a8
9b66842d0782467e5ef6fdd1ae53eb3cca595ea160b084c135,6d21ca3925701a3aacbb123a3ce928725fc84f4d5124aee086
f763f46209f218dc7f92a18c5b7433842b5d2dde76853c8fb6,12616538d3ac778b2ebc4c41370346c5586c8ea96a4ddcd53d
33fa499e153293f2a944b2aa8dd346b0eb3e52e50d3358030f,8e7b7340b53dabd87b2d8404c38daf580b35b8f3a9827cee91
06a170e099af36250573dd01e4399fbe46d6522b52f50092f8,36adc2153c7341051a05166475f8828dba798c62240f65ff9a
6dbe6b5a8cd69aef2cb02c20b62849837d0b262e70400bcfe7,1d732af3da3978b01b0cacdd3a7d3a7856b2134b18a9e08140
988d0f89596705e72390b7a8a11a66ae8b190a31a4754ae433,052827b0ebd083339b6432c39957ed7cc0b0478fafec13a1f1
fcaddccf5a2990bd290ae0e5ec12b90b7be8bf28b54a0e3202,1d732af3da3978b01b0cacdd3a7d3a7856b2134b18a9e08140
41cb50e9cf0ed9cd2b6ebbb8ef068562683c3584eda8fee301,85f927461923e2cc7e83136a05863b162842a0ad83b8f46b94
3e789ba777fb55ef372c2aef88484dc829c197de67c7ea0c00,6dbe6b5a8cd69aef2cb02c20b62849837d0b262e70400bcfe7
41cb50e9cf0ed9cd2b6ebbb8ef068562683c3584eda8fee301,67c7e840c45f0e67691655c72ce81abade1c77acd0db79a7b4
dd84f6111ea9f7d207329a37dd88ebceafd8b5bdd2b69bd2e5,06a170e099af36250573dd01e4399fbe46d6522b52f50092f8
cf358eabc5547df242a16ef2fcc3f8d46277fd78c7d67d4446,e326b8b55292ca09e9355ed46a0f56af6136134882f99f5121
71ec356fdaba2de997c4153152d4115090412863f70fbb38c9,4d73d1f0ecfd727508e18ae7d5d4383060d1d237d8416083d2
f763f46209f218dc7f92a18c5b7433842b5d2dde76853c8fb6,90d75eb456b6c9b027cd9f566213f9ade22325f1b2cc24c84f
d8af371ef4e27e56f5d7bffce8aa381bd67507983d52f931f7,76ebc793f16ef6bc67b97d13b9248ad6b3acd13396835190a8
1b41d5dfe9272f5c0121e0fb7a53cb29d4a604cf29eaa4d5de,6742e1e7cc6adfc49c57e2e3f50905e10c158aa4deb7fbfcff
90d75eb456b6c9b027cd9f566213f9ade22325f1b2cc24c84f,1b41d5dfe9272f5c0121e0fb7a53cb29d4a604cf29eaa4d5de
79ce54ab004de901e91773c169cfda91aad811d0fba7b73442,79ce54ab004de901e91773c169cfda91aad811d0fba7b73442
41cb50e9cf0ed9cd2b6ebbb8ef068562683c3584eda8fee301,8e7b7340b53dabd87b2d8404c38daf580b35b8f3a9827cee91
fa24d1fc40c3d92d33ea9bb40f87694b1d377558e0cc5a449f,052827b0ebd083339b6432c39957ed7cc0b0478fafec13a1f1
36adc2153c7341051a05166475f8828dba798c62240f65ff9a,e2848a47bffbaa16d64d07605c69b6f9231d1450b522c5acc2
d8af371ef4e27e56f5d7bffce8aa381bd67507983d52f931f7,bcd377e625149c1054ab2fda56c417401faecde58f5639222b
36adc2153c7341051a05166475f8828dba798c62240f65ff9a,12616538d3ac778b2ebc4c41370346c5586c8ea96a4ddcd53d
cf358eabc5547df242a16ef2fcc3f8d46277fd78c7d67d4446,237f69989b148d2a03ec586b5978f17f46423aa1b2d00b39c2
c9b827ddc96fd12dd3ea816d8227cf09f9453301494b9763c9,e2848a47bffbaa16d64d07605c69b6f9231d1450b522c5acc2
5f103fde1336a9c3dcaab8b5166cf9cb8e953d3929b6dc8a10,8e7b7340b53dabd87b2d8404c38daf580b35b8f3a9827cee91
d8af371ef4e27e56f5d7bffce8aa381bd67507983d52f931f7,67c7e840c45f0e67691655c72ce81abade1c77acd0db79a7b4
9b66842d0782467e5ef6fdd1ae53eb3cca595ea160b084c135,f763f46209f218dc7f92a18c5b7433842b5d2dde76853c8fb6
1b5a9658d09315a6dc1c002efa003c527d572791463929e01c,04d53f95e2f48d73656c5d015d196689079a3e96abc401a4dd
06a170e099af36250573dd01e4399fbe46d6522b52f50092f8,f763f46209f218dc7f92a18c5b7433842b5d2dde76853c8fb6
237f69989b148d2a03ec586b5978f17f46423aa1b2d00b39c2,c9b827ddc96fd12dd3ea816d8227cf09f9453301494b9763c9
bf92bddd244efb97bcd3fb3bba14f7eac0b0842cc2fb4cb977,c9b827ddc96fd12dd3ea816d8227cf09f9453301494b9763c9
988d0f89596705e72390b7a8a11a66ae8b190a31a4754ae433,04d53f95e2f48d73656c5d015d196689079a3e96abc401a4dd
bcd377e625149c1054ab2fda56c417401faecde58f5639222b,6742e1e7cc6adfc49c57e2e3f50905e10c158aa4deb7fbfcff
c9b827ddc96fd12dd3ea816d8227cf09f9453301494b9763c9,cf358eabc5547df242a16ef2fcc3f8d46277fd78c7d67d4446
b2e83e280060175bed4f52449075c5aa67af6ca0faf4a031b4,28e43627e9fa71ac2b929f13b323dc3fce9aeac1b204b0349e
bcd377e625149c1054ab2fda56c417401faecde58f5639222b,79ce54ab004de901e91773c169cfda91aad811d0fba7b73442
f245b39088dd3cf74abb5c118b959341cc3bff78df40be1ad6,b2e83e280060175bed4f52449075c5aa67af6ca0faf4a031b4
79ce54ab004de901e91773c169cfda91aad811d0fba7b73442,76ebc793f16ef6bc67b97d13b9248ad6b3acd13396835190a8
f4180e06f3b29f0e19a6a9c40126038e61fe1d6a214bdbcb84,4d73d1f0ecfd727508e18ae7d5d4383060d1d237d8416083d2
6742e1e7cc6adfc49c57e2e3f50905e10c158aa4deb7fbfcff,1b5a9658d09315a6dc1c002efa003c527d572791463929e01c
8e7b7340b53dabd87b2d8404c38daf580b35b8f3a9827cee91,052827b0ebd083339b6432c39957ed7cc0b0478fafec13a1f1
1b5a9658d09315a6dc1c002efa003c527d572791463929e01c,6d21ca3925701a3aacbb123a3ce928725fc84f4d5124aee086
6d21ca3925701a3aacbb123a3ce928725fc84f4d5124aee086,7f40a69f91d847560ce47324c5efc358b0f9033be41b04124c
90d75eb456b6c9b027cd9f566213f9ade22325f1b2cc24c84f,052827b0ebd083339b6432c39957ed7cc0b0478fafec13a1f1
5f103fde1336a9c3dcaab8b5166cf9cb8e953d3929b6dc8a10,1b41d5dfe9272f5c0121e0fb7a53cb29d4a604cf29eaa4d5de
5f103fde1336a9c3dcaab8b5166cf9cb8e953d3929b6dc8a10,f6cc069eb2cb174dc2b46be66a75f330a907769572f37c0d77
06a170e099af36250573dd01e4399fbe46d6522b52f50092f8,90d75eb456b6c9b027cd9f566213f9ade22325f1b2cc24c84f
e2848a47bffbaa16d64d07605c69b6f9231d1450b522c5acc2,12616538d3ac778b2ebc4c41370346c5586c8ea96a4ddcd53d
67c7e840c45f0e67691655c72ce81abade1c77acd0db79a7b4,bf92bddd244efb97bcd3fb3bba14f7eac0b0842cc2fb4cb977
33fa499e153293f2a944b2aa8dd346b0eb3e52e50d3358030f,06a170e099af36250573dd01e4399fbe46d6522b52f50092f8
9b66842d0782467e5ef6fdd1ae53eb3cca595ea160b084c135,c9b827ddc96fd12dd3ea816d8227cf09f9453301494b9763c9
bf92bddd244efb97bcd3fb3bba14f7eac0b0842cc2fb4cb977,c9b827ddc96fd12dd3ea816d8227cf09f9453301494b9763c9
67c7e840c45f0e67691655c72ce81abade1c77acd0db79a7b4,33fa499e153293f2a944b2aa8dd346b0eb3e52e50d3358030f
fcaddccf5a2990bd290ae0e5ec12b90b7be8bf28b54a0e3202,4d73d1f0ecfd727508e18ae7d5d4383060d1d237d8416083d2
33fa499e153293f2a944b2aa8dd346b0eb3e52e50d3358030f,052827b0ebd083339b6432c39957ed7cc0b0478fafec13a1f1
36adc2153c7341051a05166475f8828dba798c62240f65ff9a,e2848a47bffbaa16d64d07605c69b6f9231d1450b522c5acc2
8e7b7340b53dabd87b2d8404c38daf580b35b8f3a9827cee91,12616538d3ac778b2ebc4c41370346c5586c8ea96a4ddcd53d
052827b0ebd083339b6432c39957ed7cc0b0478fafec13a1f1,06a170e099af36250573dd01e4399fbe46d6522b52f50092f8
5f103fde1336a9c3dcaab8b5166cf9cb8e953d3929b6dc8a10,9b66842d0782467e5ef6fdd1ae53eb3cca595ea160b084c135
f763f46209f218dc7f92a18c5b7433842b5d2dde76853c8fb6,988d0f89596705e72390b7a8a11a66ae8b190a31a4754ae433
1b41d5dfe9272f5c0121e0fb7a53cb29d4a604cf29eaa4d5de,e2848a47bffbaa16d64d07605c69b6f9231d1450b522c5acc2
1b41d5dfe9272f5c0121e0fb7a53cb29d4a604cf29eaa4d5de,f652be49ba39b7b07ab6a0cf15dcdbce13975b73201dc7d7ed
3e789ba777fb55ef372c2aef88484dc829c197de67c7ea0c00,04d53f95e2f48d73656c5d015d196689079a3e96abc401a4dd
d8af371ef4e27e56f5d7bffce8aa381bd67507983d52f931f7,d0d4c86dd12bc75be4abdc7a0f25190c295f65f600c3a5ce7c
8e7b7340b53dabd87b2d8404c38daf580b35b8f3a9827cee91,b2e83e280060175bed4f52449075c5aa67af6ca0faf4a031b4
d0d4c86dd12bc75be4abdc7a0f25190c295f65f600c3a5ce7c,f245b39088dd3cf74abb5c118b959341cc3bff78df40be1ad6
e326b8b55292ca09e9355ed46a0f56af6136134882f99f5121,f245b39088dd3cf74abb5c118b959341cc3bff78df40be1ad6
4d73d1f0ecfd727508e18ae7d5d4383060d1d237d8416083d2,bf92bddd244efb97bcd3fb3bba14f7eac0b0842cc2fb4cb977
d0d4c86dd12bc75be4abdc7a0f25190c295f65f600c3a5ce7c,bf92bddd244efb97bcd3fb3bba14f7eac0b0842cc2fb4cb977
f6cc069eb2cb174dc2b46be66a75f330a907769572f37c0d77,bcd377e625149c1054ab2fda56c417401faecde58f5639222b
b2e83e280060175bed4f52449075c5aa67af6ca0faf4a031b4,06a170e099af36250573dd01e4399fbe46d6522b52f50092f8
f6cc069eb2cb174dc2b46be66a75f330a907769572f37c0d77,76ebc793f16ef6bc67b97d13b9248ad6b3acd13396835190a8
1d732af3da3978b01b0cacdd3a7d3a7856b2134b18a9e08140,e2848a47bffbaa16d64d07605c69b6f9231d1450b522c5acc2
e2848a47bffbaa16d64d07605c69b6f9231d1450b522c5acc2,f4180e06f3b29f0e19a6a9c40126038e61fe1d6a214bdbcb84
1d732af3da3978b01b0cacdd3a7d3a7856b2134b18a9e08140,4d73d1f0ecfd727508e18ae7d5d4383060d1d237d8416083d2
f763f46209f218dc7f92a18c5b7433842b5d2dde76853c8fb6,71ec356fdaba2de997c4153152d4115090412863f70fbb38c9
f245b39088dd3cf74abb5c118b959341cc3bff78df40be1ad6,f6cc069eb2cb174dc2b46be66a75f330a907769572f37c0d77
f245b39088dd3cf74abb5c118b959341cc3bff78df40be1ad6,e2848a47bffbaa16d64d07605c69b6f9231d1450b522c5acc2
17349fd80eca127803918b0740c9c0a40310dd436fa19284cf,90d75eb456b6c9b027cd9f566213f9ade22325f1b2cc24c84f
79ce54ab004de901e91773c169cfda91aad811d0fba7b73442,f763f46209f218dc7f92a18c5b7433842b5d2dde76853c8fb6
12616538d3ac778b2ebc4c41370346c5586c8ea96a4ddcd53d,1b5a9658d09315a6dc1c002efa003c527d572791463929e01c
17349fd80eca127803918b0740c9c0a40310dd436fa19284cf,1d732af3da3978b01b0cacdd3a7d3a7856b2134b18a9e08140
bf92bddd244efb97bcd3fb3bba14f7eac0b0842cc2fb4cb977,f6cc069eb2cb174dc2b46be66a75f330a907769572f37c0d77
28e43627e9fa71ac2b929f13b323dc3fce9aeac1b204b0349e,3e789ba777fb55ef372c2aef88484dc829c197de67c7ea0c00
ac1502b1e3997b6f1306a0f54da03060fe862a26b28fdd4dec,04d53f95e2f48d73656c5d015d196689079a3e96abc401a4dd
06a170e099af36250573dd01e4399fbe46d6522b52f50092f8,ac1502b1e3997b6f1306a0f54da03060fe862a26b28fdd4dec
6d21ca3925701a3aacbb123a3ce928725fc84f4d5124aee086,f652be49ba39b7b07ab6a0cf15dcdbce13975b73201dc7d7ed
41cb50e9cf0ed9cd2b6ebbb8ef068562683c3584eda8fee301,04d53f95e2f48d73656c5d015d196689079a3e96abc401a4dd
d0d4c86dd12bc75be4abdc7a0f25190c295f65f600c3a5ce7c,04d53f95e2f48d73656c5d015d196689079a3e96abc401a4dd
1d732af3da3978b01b0cacdd3a7d3a7856b2134b18a9e08140,f245b39088dd3cf74abb5c118b959341cc3bff78df40be1ad6
06a170e099af36250573dd01e4399fbe46d6522b52f50092f8,1d732af3da3978b01b0cacdd3a7d3a7856b2134b18a9e08140
12616538d3ac778b2ebc4c41370346c5586c8ea96a4ddcd53d,b2e83e280060175bed4f52449075c5aa67af6ca0faf4a031b4
540c6c2fe7b0d9c093b4f6dc2762c045e32e7d66e0a8b5f780,12616538d3ac778b2ebc4c41370346c5586c8ea96a4ddcd53d
f763f46209f218dc7f92a18c5b7433842b5d2dde76853c8fb6,8e7b7340b53dabd87b2d8404c38daf580b35b8f3a9827cee91
71ec356fdaba2de997c4153152d4115090412863f70fbb38c9,052827b0ebd083339b6432c39957ed7cc0b0478fafec13a1f1
90d75eb456b6c9b027cd9f566213f9ade22325f1b2cc24c84f,7f40a69f91d847560ce47324c5efc358b0f9033be41b04124c
f763f46209f218dc7f92a18c5b7433842b5d2dde76853c8fb6,bf92bddd244efb97bcd3fb3bba14f7eac0b0842cc2fb4cb977
12616538d3ac778b2ebc4c41370346c5586c8ea96a4ddcd53d,1b41d5dfe9272f5c0121e0fb7a53cb29d4a604cf29eaa4d5de
06a170e099af36250573dd01e4399fbe46d6522b52f50092f8,f763f46209f218dc7f92a18c5b7433842b5d2dde76853c8fb6
8e7b7340b53dabd87b2d8404c38daf580b35b8f3a9827cee91,67c7e840c45f0e67691655c72ce81abade1c77acd0db79a7b4
052827b0ebd083339b6432c39957ed7cc0b0478fafec13a1f1,f652be49ba39b7b07ab6a0cf15dcdbce13975b73201dc7d7ed
8e7b7340b53dabd87b2d8404c38daf580b35b8f3a9827cee91,237f69989b148d2a03ec586b5978f17f46423aa1b2d00b39c2
04d53f95e2f48d73656c5d015d196689079a3e96abc401a4dd,85f927461923e2cc7e83136a05863b162842a0ad83b8f46b94
f6cc069eb2cb174dc2b46be66a75f330a907769572f37c0d77,71ec356fdaba2de997c4153152d4115090412863f70fbb38c9
f763f46209f218dc7f92a18c5b7433842b5d2dde76853c8fb6,3e789ba777fb55ef372c2aef88484dc829c197de67c7ea0c00
1b5a9658d09315a6dc1c002efa003c527d572791463929e01c,7f40a69f91d847560ce47324c5efc358b0f9033be41b04124c
6dbe6b5a8cd69aef2cb02c20b62849837d0b262e70400bcfe7,dd84f6111ea9f7d207329a37dd88ebceafd8b5bdd2b69bd2e5
4d73d1f0ecfd727508e18ae7d5d4383060d1d237d8416083d2,6dbe6b5a8cd69aef2cb02c20b62849837d0b262e70400bcfe7
1b41d5dfe9272f5c0121e0fb7a53cb29d4a604cf29eaa4d5de,dd84f6111ea9f7d207329a37dd88ebceafd8b5bdd2b69bd2e5
79ce54ab004de901e91773c169cfda91aad811d0fba7b73442,fa24d1fc40c3d92d33ea9bb40f87694b1d377558e0cc5a449f
540c6c2fe7b0d9c093b4f6dc2762c045e32e7d66e0a8b5f780,c9b827ddc96fd12dd3ea816d8227cf09f9453301494b9763c9
8e7b7340b53dabd87b2d8404c38daf580b35b8f3a9827cee91,79ce54ab004de901e91773c169cfda91aad811d0fba7b73442
cf358eabc5547df242a16ef2fcc3f8d46277fd78c7d67d4446,fa24d1fc40c3d92d33ea9bb40f87694b1d377558e0cc5a449f
e326b8b55292ca09e9355ed46a0f56af6136134882f99f5121,90d75eb456b6c9b027cd9f566213f9ade22325f1b2cc24c84f
d0d4c86dd12bc75be4abdc7a0f25190c295f65f600c3a5ce7c,237f69989b148d2a03ec586b5978f17f46423aa1b2d00b39c2
fa24d1fc40c3d92d33ea9bb40f87694b1d377558e0cc5a449f,6742e1e7cc6adfc49c57e2e3f50905e10c158aa4deb7fbfcff
06a170e099af36250573dd01e4399fbe46d6522b52f50092f8,237f69989b148d2a03ec586b5978f17f46423aa1b2d00b39c2
17349fd80eca127803918b0740c9c0a40310dd436fa19284cf,f6cc069eb2cb174dc2b46be66a75f330a907769572f37c0d77
f763f46209f218dc7f92a18c5b7433842b5d2dde76853c8fb6,85f927461923e2cc7e83136a05863b162842a0ad83b8f46b94
d8af371ef4e27e56f5d7bffce8aa381bd67507983d52f931f7,36adc2153c7341051a05166475f8828dba798c62240f65ff9a
b2e83e280060175bed4f52449075c5aa67af6ca0faf4a031b4,6742e1e7cc6adfc49c57e2e3f50905e10c158aa4deb7fbfcff
e326b8b55292ca09e9355ed46a0f56af6136134882f99f5121,fa24d1fc40c3d92d33ea9bb40f87694b1d377558e0cc5a449f
237f69989b148d2a03ec586b5978f17f46423aa1b2d00b39c2,fa24d1fc40c3d92d33ea9bb40f87694b1d377558e0cc5a449f
8e7b7340b53dabd87b2d8404c38daf580b35b8f3a9827cee91,540c6c2fe7b0d9c093b4f6dc2762c045e32e7d66e0a8b5f780
90d75eb456b6c9b027cd9f566213f9ade22325f1b2cc24c84f,4d73d1f0ecfd727508e18ae7d5d4383060d1d237d8416083d2
f245b39088dd3cf74abb5c118b959341cc3bff78df40be1ad6,85f927461923e2cc7e83136a05863b162842a0ad83b8f46b94
17349fd80eca127803918b0740c9c0a40310dd436fa19284cf,d8af371ef4e27e56f5d7bffce8aa381bd67507983d52f931f7
f245b39088dd3cf74abb5c118b959341cc3bff78df40be1ad6,bcd377e625149c1054ab2fda56c417401faecde58f5639222b
1d732af3da3978b01b0cacdd3a7d3a7856b2134b18a9e08140,17349fd80eca127803918b0740c9c0a40310dd436fa19284cf
41cb50e9cf0ed9cd2b6ebbb8ef068562683c3584eda8fee301,1b5a9658d09315a6dc1c002efa003c527d572791463929e01c
540c6c2fe7b0d9c093b4f6dc2762c045e32e7d66e0a8b5f780,85f927461923e2cc7e83136a05863b162842a0ad83b8f46b94
540c6c2fe7b0d9c093b4f6dc2762c045e32e7d66e0a8b5f780,6dbe6b5a8cd69aef2cb02c20b62849837d0b262e70400bcfe7
6742e1e7cc6adfc49c57e2e3f50905e10c158aa4deb7fbfcff,237f69989b148d2a03ec586b5978f17f46423aa1b2d00b39c2
d8af371ef4e27e56f5d7bffce8aa381bd67507983d52f931f7,c9b827ddc96fd12dd3ea816d8227cf09f9453301494b9763c9
1d732af3da3978b01b0cacdd3a7d3a7856b2134b18a9e08140,79ce54ab004de901e91773c169cfda91aad811d0fba7b73442
1b41d5dfe9272f5c0121e0fb7a53cb29d4a604cf29eaa4d5de,f245b39088dd3cf74abb5c118b959341cc3bff78df40be1ad6
90d75eb456b6c9b027cd9f566213f9ade22325f1b2cc24c84f,d8af371ef4e27e56f5d7bffce8aa381bd67507983d52f931f7
dd84f6111ea9f7d207329a37dd88ebceafd8b5bdd2b69bd2e5,d0d4c86dd12bc75be4abdc7a0f25190c295f65f600c3a5ce7c
c9b827ddc96fd12dd3ea816d8227cf09f9453301494b9763c9,f6cc069eb2cb174dc2b46be66a75f330a907769572f37c0d77
33fa499e153293f2a944b2aa8dd346b0eb3e52e50d3358030f,3e789ba777fb55ef372c2aef88484dc829c197de67c7ea0c00
28e43627e9fa71ac2b929f13b323dc3fce9aeac1b204b0349e,d8af371ef4e27e56f5d7bffce8aa381bd67507983d52f931f7
1b5a9658d09315a6dc1c002efa003c527d572791463929e01c,6d21ca3925701a3aacbb123a3ce928725fc84f4d5124aee086
988d0f89596705e72390b7a8a11a66ae8b190a31a4754ae433,36adc2153c7341051a05166475f8828dba798c62240f65ff9a
33fa499e153293f2a944b2aa8dd346b0eb3e52e50d3358030f,79ce54ab004de901e91773c169cfda91aad811d0fba7b73442
9b66842d0782467e5ef6fdd1ae53eb3cca595ea160b084c135,1b41d5dfe9272f5c0121e0fb7a53cb29d4a604cf29eaa4d5de
6d21ca3925701a3aacbb123a3ce928725fc84f4d5124aee086,4d73d1f0ecfd727508e18ae7d5d4383060d1d237d8416083d2
bcd377e625149c1054ab2fda56c417401faecde58f5639222b,f763f46209f218dc7f92a18c5b7433842b5d2dde76853c8fb6
1b5a9658d09315a6dc1c002efa003c527d572791463929e01c,17349fd80eca127803918b0740c9c0a40310dd436fa19284cf
17349fd80eca127803918b0740c9c0a40310dd436fa19284cf,f6cc069eb2cb174dc2b46be66a75f330a907769572f37c0d77
5f103fde1336a9c3dcaab8b5166cf9cb8e953d3929b6dc8a10,f763f46209f218dc7f92a18c5b7433842b5d2dde76853c8fb6
90d75eb456b6c9b027cd9f566213f9ade22325f1b2cc24c84f,f652be49ba39b7b07ab6a0cf15dcdbce13975b73201dc7d7ed
36adc2153c7341051a05166475f8828dba798c62240f65ff9a,540c6c2fe7b0d9c093b4f6dc2762c045e32e7d66e0a8b5f780
1b41d5dfe9272f5c0121e0fb7a53cb29d4a604cf29eaa4d5de,9b66842d0782467e5ef6fdd1ae53eb3cca595ea160b084c135
4d73d1f0ecfd727508e18ae7d5d4383060d1d237d8416083d2,1b5a9658d09315a6dc1c002efa003c527d572791463929e01c
f245b39088dd3cf74abb5c118b959341cc3bff78df40be1ad6,f652be49ba39b7b07ab6a0cf15dcdbce13975b73201dc7d7ed
76ebc793f16ef6bc67b97d13b9248ad6b3acd13396835190a8,988d0f89596705e72390b7a8a11a66ae8b190a31a4754ae433
e2848a47bffbaa16d64d07605c69b6f9231d1450b522c5acc2,17349fd80eca127803918b0740c9c0a40310dd436fa19284cf
988d0f89596705e72390b7a8a11a66ae8b190a31a4754ae433,f4180e06f3b29f0e19a6a9c40126038e61fe1d6a214bdbcb84
dd84f6111ea9f7d207329a37dd88ebceafd8b5bdd2b69bd2e5,90d75eb456b6c9b027cd9f566213f9ade22325f1b2cc24c84f
c9b827ddc96fd12dd3ea816d8227cf09f9453301494b9763c9,052827b0ebd083339b6432c39957ed7cc0b0478fafec13a1f1
ac1502b1e3997b6f1306a0f54da03060fe862a26b28fdd4dec,e326b8b55292ca09e9355ed46a0f56af6136134882f99f5121
e2848a47bffbaa16d64d07605c69b6f9231d1450b522c5acc2,988d0f89596705e72390b7a8a11a66ae8b190a31a4754ae433
06a170e099af36250573dd01e4399fbe46d6522b52f50092f8,1d732af3da3978b01b0cacdd3a7d3a7856b2134b18a9e08140
8e7b7340b53dabd87b2d8404c38daf580b35b8f3a9827cee91,7f40a69f91d847560ce47324c5efc358b0f9033be41b04124c
d8af371ef4e27e56f5d7bffce8aa381bd67507983d52f931f7,d8af371ef4e27e56f5d7bffce8aa381bd67507983d52f931f7
71ec356fdaba2de997c4153152d4115090412863f70fbb38c9,7f40a69f91d847560ce47324c5efc358b0f9033be41b04124c
1d732af3da3978b01b0cacdd3a7d3a7856b2134b18a9e08140,67c7e840c45f0e67691655c72ce81abade1c77acd0db79a7b4
9b66842d0782467e5ef6fdd1ae53eb3cca595ea160b084c135,f4180e06f3b29f0e19a6a9c40126038e61fe1d6a214bdbcb84
71ec356fdaba2de997c4153152d4115090412863f70fbb38c9,e2848a47bffbaa16d64d07605c69b6f9231d1450b522c5acc2
6d21ca3925701a3aacbb123a3ce928725fc84f4d5124aee086,8e7b7340b53dabd87b2d8404c38daf580b35b8f3a9827cee91
ac1502b1e3997b6f1306a0f54da03060fe862a26b28fdd4dec,76ebc793f16ef6bc67b97d13b9248ad6b3acd13396835190a8
f245b39088dd3cf74abb5c118b959341cc3bff78df40be1ad6,67c7e840c45f0e67691655c72ce81abade1c77acd0db79a7b4
237f69989b148d2a03ec586b5978f17f46423aa1b2d00b39c2,f6cc069eb2cb174dc2b46be66a75f330a907769572f37c0d77
1b41d5dfe9272f5c0121e0fb7a53cb29d4a604cf29eaa4d5de,fa24d1fc40c3d92d33ea9bb40f87694b1d377558e0cc5a449f
85f927461923e2cc7e83136a05863b162842a0ad83b8f46b94,9b66842d0782467e5ef6fdd1ae53eb3cca595ea160b084c135
d8af371ef4e27e56f5d7bffce8aa381bd67507983d52f931f7,79ce54ab004de901e91773c169cfda91aad811d0fba7b73442
04d53f95e2f48d73656c5d015d196689079a3e96abc401a4dd,fa24d1fc40c3d92d33ea9bb40f87694b1d377558e0cc5a449f
2a409cc19411dc890db52326c7ad85ddbd56a6caeaf903b7db,8e7b7340b53dabd87b2d8404c38daf580b35b8f3a9827cee91
33fa499e153293f2a944b2aa8dd346b0eb3e52e50d3358030f,85f927461923e2cc7e83136a05863b162842a0ad83b8f46b94
237f69989b148d2a03ec586b5978f17f46423aa1b2d00b39c2,96ce4fbc56d4136966c04135e1902f87b2cd0cd7374c2ad6b3
c9b827ddc96fd12dd3ea816d8227cf09f9453301494b9763c9,1b5a9658d09315a6dc1c002efa003c527d572791463929e01c
7f40a69f91d847560ce47324c5efc358b0f9033be41b04124c,fcaddccf5a2990bd290ae0e5ec12b90b7be8bf28b54a0e3202
237f69989b148d2a03ec586b5978f17f46423aa1b2d00b39c2,1b5a9658d09315a6dc1c002efa003c527d572791463929e01c
052827b0ebd083339b6432c39957ed7cc0b0478fafec13a1f1,3e789ba777fb55ef372c2aef88484dc829c197de67c7ea0c00
79ce54ab004de901e91773c169cfda91aad811d0fba7b73442,e2848a47bffbaa16d64d07605c69b6f9231d1450b522c5acc2
79ce54ab004de901e91773c169cfda91aad811d0fba7b73442,237f69989b148d2a03ec586b5978f17f46423aa1b2d00b39c2
f652be49ba39b7b07ab6a0cf15dcdbce13975b73201dc7d7ed,9b66842d0782467e5ef6fdd1ae53eb3cca595ea160b084c135
1d732af3da3978b01b0cacdd3a7d3a7856b2134b18a9e08140,fcaddccf5a2990bd290ae0e5ec12b90b7be8bf28b54a0e3202
28e43627e9fa71ac2b929f13b323dc3fce9aeac1b204b0349e,bcd377e625149c1054ab2fda56c417401faecde58f5639222b
bf92bddd244efb97bcd3fb3bba14f7eac0b0842cc2fb4cb977,06a170e099af36250573dd01e4399fbe46d6522b52f50092f8
f652be49ba39b7b07ab6a0cf15dcdbce13975b73201dc7d7ed,7f40a69f91d847560ce47324c5efc358b0f9033be41b04124c
76ebc793f16ef6bc67b97d13b9248ad6b3acd13396835190a8,237f69989b148d2a03ec586b5978f17f46423aa1b2d00b39c2
e326b8b55292ca09e9355ed46a0f56af6136134882f99f5121,5f103fde1336a9c3dcaab8b5166cf9cb8e953d3929b6dc8a10
67c7e840c45f0e67691655c72ce81abade1c77acd0db79a7b4,2a409cc19411dc890db52326c7ad85ddbd56a6caeaf903b7db
bcd377e625149c1054ab2fda56c417401faecde58f5639222b,6dbe6b5a8cd69aef2cb02c20b62849837d0b262e70400bcfe7
2a409cc19411dc890db52326c7ad85ddbd56a6caeaf903b7db,90d75eb456b6c9b027cd9f566213f9ade22325f1b2cc24c84f
fcaddccf5a2990bd290ae0e5ec12b90b7be8bf28b54a0e3202,b2e83e280060175bed4f52449075c5aa67af6ca0faf4a031b4
c9b827ddc96fd12dd3ea816d8227cf09f9453301494b9763c9,e2848a47bffbaa16d64d07605c69b6f9231d1450b522c5acc2
052827b0ebd083339b6432c39957ed7cc0b0478fafec13a1f1,cf358eabc5547df242a16ef2fcc3f8d46277fd78c7d67d4446
fcaddccf5a2990bd290ae0e5ec12b90b7be8bf28b54a0e3202,41cb50e9cf0ed9cd2b6ebbb8ef068562683c3584eda8fee301
c9b827ddc96fd12dd3ea816d8227cf09f9453301494b9763c9,5f103fde1336a9c3dcaab8b5166cf9cb8e953d3929b6dc8a10
1b5a9658d09315a6dc1c002efa003c527d572791463929e01c,f245b39088dd3cf74abb5c118b959341cc3bff78df40be1ad6
5f103fde1336a9c3dcaab8b5166cf9cb8e953d3929b6dc8a10,d8af371ef4e27e56f5d7bffce8aa381bd67507983d52f931f7
bf92bddd244efb97bcd3fb3bba14f7eac0b0842cc2fb4cb977,76ebc793f16ef6bc67b97d13b9248ad6b3acd13396835190a8
1d732af3da3978b01b0cacdd3a7d3a7856b2134b18a9e08140,d8af371ef4e27e56f5d7bffce8aa381bd67507983d52f931f7
6d21ca3925701a3aacbb123a3ce928725fc84f4d5124aee086,3e789ba777fb55ef372c2aef88484dc829c197de67c7ea0c00
d0d4c86dd12bc75be4abdc7a0f25190c295f65f600c3a5ce7c,76ebc793f16ef6bc67b97d13b9248ad6b3acd13396835190a8
540c6c2fe7b0d9c093b4f6dc2762c045e32e7d66e0a8b5f780,d8af371ef4e27e56f5d7bffce8aa381bd67507983d52f931f7
9b66842d0782467e5ef6fdd1ae53eb3cca595ea160b084c135,f652be49ba39b7b07ab6a0cf15dcdbce13975b73201dc7d7ed
76ebc793f16ef6bc67b97d13b9248ad6b3acd13396835190a8,2a409cc19411dc890db52326c7ad85ddbd56a6caeaf903b7db
7f40a69f91d847560ce47324c5efc358b0f9033be41b04124c,f4180e06f3b29f0e19a6a9c40126038e61fe1d6a214bdbcb84
76ebc793f16ef6bc67b97d13b9248ad6b3acd13396835190a8,28e43627e9fa71ac2b929f13b323dc3fce9aeac1b204b0349e
6d21ca3925701a3aacbb123a3ce928725fc84f4d5124aee086,76ebc793f16ef6bc67b97d13b9248ad6b3acd13396835190a8
76ebc793f16ef6bc67b97d13b9248ad6b3acd13396835190a8,1b5a9658d09315a6dc1c002efa003c527d572791463929e01c
b2e83e280060175bed4f52449075c5aa67af6ca0faf4a031b4,f245b39088dd3cf74abb5c118b959341cc3bff78df40be1ad6
bf92bddd244efb97bcd3fb3bba14f7eac0b0842cc2fb4cb977,ac1502b1e3997b6f1306a0f54da03060fe862a26b28fdd4dec
f652be49ba39b7b07ab6a0cf15dcdbce13975b73201dc7d7ed,6d21ca3925701a3aacbb123a3ce928725fc84f4d5124aee086
f4180e06f3b29f0e19a6a9c40126038e61fe1d6a214bdbcb84,7f40a69f91d847560ce47324c5efc358b0f9033be41b04124c
e326b8b55292ca09e9355ed46a0f56af6136134882f99f5121,bcd377e625149c1054ab2fda56c417401faecde58f5639222b
28e43627e9fa71ac2b929f13b323dc3fce9aeac1b204b0349e,ac1502b1e3997b6f1306a0f54da03060fe862a26b28fdd4dec
17349fd80eca127803918b0740c9c0a40310dd436fa19284cf,67c7e840c45f0e67691655c72ce81abade1c77acd0db79a7b4
9b66842d0782467e5ef6fdd1ae53eb3cca595ea160b084c135,f6cc069eb2cb174dc2b46be66a75f330a907769572f37c0d77
6742e1e7cc6adfc49c57e2e3f50905e10c158aa4deb7fbfcff,7f40a69f91d847560ce47324c5efc358b0f9033be41b04124c
f4180e06f3b29f0e19a6a9c40126038e61fe1d6a214bdbcb84,7f40a69f91d847560ce47324c5efc358b0f9033be41b04124c
d0d4c86dd12bc75be4abdc7a0f25190c295f65f600c3a5ce7c,f763f46209f218dc7f92a18c5b7433842b5d2dde76853c8fb6
f652be49ba39b7b07ab6a0cf15dcdbce13975b73201dc7d7ed,f6cc069eb2cb174dc2b46be66a75f330a907769572f37c0d77
052827b0ebd083339b6432c39957ed7cc0b0478fafec13a1f1,fa24d1fc40c3d92d33ea9bb40f87694b1d377558e0cc5a449f
c9b827ddc96fd12dd3ea816d8227cf09f9453301494b9763c9,1b5a9658d09315a6dc1c002efa003c527d572791463929e01c
3e789ba777fb55ef372c2aef88484dc829c197de67c7ea0c00,96ce4fbc56d4136966c04135e1902f87b2cd0cd7374c2ad6b3
ac1502b1e3997b6f1306a0f54da03060fe862a26b28fdd4dec,f6cc069eb2cb174dc2b46be66a75f330a907769572f37c0d77
e2848a47bffbaa16d64d07605c69b6f9231d1450b522c5acc2,79ce54ab004de901e91773c169cfda91aad811d0fba7b73442
d0d4c86dd12bc75be4abdc7a0f25190c295f65f600c3a5ce7c,6d21ca3925701a3aacbb123a3ce928725fc84f4d5124aee086
cf358eabc5547df242a16ef2fcc3f8d46277fd78c7d67d4446,1d732af3da3978b01b0cacdd3a7d3a7856b2134b18a9e08140
bcd377e625149c1054ab2fda56c417401faecde58f5639222b,1b5a9658d09315a6dc1c002efa003c527d572791463929e01c
1d732af3da3978b01b0cacdd3a7d3a7856b2134b18a9e08140,f763f46209f218dc7f92a18c5b7433842b5d2dde76853c8fb6
8e7b7340b53dabd87b2d8404c38daf580b35b8f3a9827cee91,f245b39088dd3cf74abb5c118b959341cc3bff78df40be1ad6
bf92bddd244efb97bcd3fb3bba14f7eac0b0842cc2fb4cb977,8e7b7340b53dabd87b2d8404c38daf580b35b8f3a9827cee91
71ec356fdaba2de997c4153152d4115090412863f70fbb38c9,6d21ca3925701a3aacbb123a3ce928725fc84f4d5124aee086
1d732af3da3978b01b0cacdd3a7d3a7856b2134b18a9e08140,96ce4fbc56d4136966c04135e1902f87b2cd0cd7374c2ad6b3
06a170e099af36250573dd01e4399fbe46d6522b52f50092f8,85f927461923e2cc7e83136a05863b162842a0ad83b8f46b94
17349fd80eca127803918b0740c9c0a40310dd436fa19284cf,71ec356fdaba2de997c4153152d4115090412863f70fbb38c9
d8af371ef4e27e56f5d7bffce8aa381bd67507983d52f931f7,04d53f95e2f48d73656c5d015d196689079a3e96abc401a4dd
6dbe6b5a8cd69aef2cb02c20b62849837d0b262e70400bcfe7,988d0f89596705e72390b7a8a11a66ae8b190a31a4754ae433
36adc2153c7341051a05166475f8828dba798c62240f65ff9a,04d53f95e2f48d73656c5d015d196689079a3e96abc401a4dd
cf358eabc5547df242a16ef2fcc3f8d46277fd78c7d67d4446,d8af371ef4e27e56f5d7bffce8aa381bd67507983d52f931f7
988d0f89596705e72390b7a8a11a66ae8b190a31a4754ae433,052827b0ebd083339b6432c39957ed7cc0b0478fafec13a1f1
d0d4c86dd12bc75be4abdc7a0f25190c295f65f600c3a5ce7c,6dbe6b5a8cd69aef2cb02c20b62849837d0b262e70400bcfe7
ac1502b1e3997b6f1306a0f54da03060fe862a26b28fdd4dec,b2e83e280060175bed4f52449075c5aa67af6ca0faf4a031b4
5f103fde1336a9c3dcaab8b5166cf9cb8e953d3929b6dc8a10,1d732af3da3978b01b0cacdd3a7d3a7856b2134b18a9e08140
052827b0ebd083339b6432c39957ed7cc0b0478fafec13a1f1,f6cc069eb2cb174dc2b46be66a75f330a907769572f37c0d77
e326b8b55292ca09e9355ed46a0f56af6136134882f99f5121,90d75eb456b6c9b027cd9f566213f9ade22325f1b2cc24c84f
6742e1e7cc6adfc49c57e2e3f50905e10c158aa4deb7fbfcff,540c6c2fe7b0d9c093b4f6dc2762c045e32e7d66e0a8b5f780
17349fd80eca127803918b0740c9c0a40310dd436fa19284cf,237f69989b148d2a03ec586b5978f17f46423aa1b2d00b39c2
28e43627e9fa71ac2b929f13b323dc3fce9aeac1b204b0349e,17349fd80eca127803918b0740c9c0a40310dd436fa19284cf
8e7b7340b53dabd87b2d8404c38daf580b35b8f3a9827cee91,6d21ca3925701a3aacbb123a3ce928725fc84f4d5124aee086
052827b0ebd083339b6432c39957ed7cc0b0478fafec13a1f1,f763f46209f218dc7f92a18c5b7433842b5d2dde76853c8fb6
e326b8b55292ca09e9355ed46a0f56af6136134882f99f5121,9b66842d0782467e5ef6fdd1ae53eb3cca595ea160b084c135
d8af371ef4e27e56f5d7bffce8aa381bd67507983d52f931f7,1d732af3da3978b01b0cacdd3a7d3a7856b2134b18a9e08140
4d73d1f0ecfd727508e18ae7d5d4383060d1d237d8416083d2,f652be49ba39b7b07ab6a0cf15dcdbce13975b73201dc7d7ed
28e43627e9fa71ac2b929f13b323dc3fce9aeac1b204b0349e,28e43627e9fa71ac2b929f13b323dc3fce9aeac1b204b0349e
28e43627e9fa71ac2b929f13b323dc3fce9aeac1b204b0349e,04d53f95e2f48d73656c5d015d196689079a3e96abc401a4dd
12616538d3ac778b2ebc4c41370346c5586c8ea96a4ddcd53d,b2e83e280060175bed4f52449075c5aa67af6ca0faf4a031b4
f763f46209f218dc7f92a18c5b7433842b5d2dde76853c8fb6,237f69989b148d2a03ec586b5978f17f46423aa1b2d00b39c2
6742e1e7cc6adfc49c57e2e3f50905e10c158aa4deb7fbfcff,41cb50e9cf0ed9cd2b6ebbb8ef068562683c3584eda8fee301
1d732af3da3978b01b0cacdd3a7d3a7856b2134b18a9e08140,33fa499e153293f2a944b2aa8dd346b0eb3e52e50d3358030f
71ec356fdaba2de997c4153152d4115090412863f70fbb38c9,d0d4c86dd12bc75be4abdc7a0f25190c295f65f600c3a5ce7c
fcaddccf5a2990bd290ae0e5ec12b90b7be8bf28b54a0e3202,e326b8b55292ca09e9355ed46a0f56af6136134882f99f5121
06a170e099af36250573dd01e4399fbe46d6522b52f50092f8,bcd377e625149c1054ab2fda56c417401faecde58f5639222b
17349fd80eca127803918b0740c9c0a40310dd436fa19284cf,3e789ba777fb55ef372c2aef88484dc829c197de67c7ea0c00
41cb50e9cf0ed9cd2b6ebbb8ef068562683c3584eda8fee301,33fa499e153293f2a944b2aa8dd346b0eb3e52e50d3358030f
f652be49ba39b7b07ab6a0cf15dcdbce13975b73201dc7d7ed,f245b39088dd3cf74abb5c118b959341cc3bff78df40be1ad6
f652be49ba39b7b07ab6a0cf15dcdbce13975b73201dc7d7ed,e2848a47bffbaa16d64d07605c69b6f9231d1450b522c5acc2
6d21ca3925701a3aacbb123a3ce928725fc84f4d5124aee086,cf358eabc5547df242a16ef2fcc3f8d46277fd78c7d67d4446
d0d4c86dd12bc75be4abdc7a0f25190c295f65f600c3a5ce7c,76ebc793f16ef6bc67b97d13b9248ad6b3acd13396835190a8
e326b8b55292ca09e9355ed46a0f56af6136134882f99f5121,1b5a9658d09315a6dc1c002efa003c527d572791463929e01c
6dbe6b5a8cd69aef2cb02c20b62849837d0b262e70400bcfe7,79ce54ab004de901e91773c169cfda91aad811d0fba7b73442
6dbe6b5a8cd69aef2cb02c20b62849837d0b262e70400bcfe7,12616538d3ac778b2ebc4c41370346c5586c8ea96a4ddcd53d
e326b8b55292ca09e9355ed46a0f56af6136134882f99f5121,237f69989b148d2a03ec586b5978f17f46423aa1b2d00b39c2
67c7e840c45f0e67691655c72ce81abade1c77acd0db79a7b4,6dbe6b5a8cd69aef2cb02c20b62849837d0b262e70400bcfe7
12616538d3ac778b2ebc4c41370346c5586c8ea96a4ddcd53d,5f103fde1336a9c3dcaab8b5166cf9cb8e953d3929b6dc8a10
8e7b7340b53dabd87b2d8404c38daf580b35b8f3a9827cee91,f6cc069eb2cb174dc2b46be66a75f330a907769572f37c0d77
f245b39088dd3cf74abb5c118b959341cc3bff78df40be1ad6,17349fd80eca127803918b0740c9c0a40310dd436fa19284cf
71ec356fdaba2de997c4153152d4115090412863f70fbb38c9,6dbe6b5a8cd69aef2cb02c20b62849837d0b262e70400bcfe7
1d732af3da3978b01b0cacdd3a7d3a7856b2134b18a9e08140,988d0f89596705e72390b7a8a11a66ae8b190a31a4754ae433
6dbe6b5a8cd69aef2cb02c20b62849837d0b262e70400bcfe7,7f40a69f91d847560ce47324c5efc358b0f9033be41b04124c
e326b8b55292ca09e9355ed46a0f56af6136134882f99f5121,f245b39088dd3cf74abb5c118b959341cc3bff78df40be1ad6
f6cc069eb2cb174dc2b46be66a75f330a907769572f37c0d77,33fa499e153293f2a944b2aa8dd346b0eb3e52e50d3358030f
06a170e099af36250573dd01e4399fbe46d6522b52f50092f8,96ce4fbc56d4136966c04135e1902f87b2cd0cd7374c2ad6b3
cf358eabc5547df242a16ef2fcc3f8d46277fd78c7d67d4446,12616538d3ac778b2ebc4c41370346c5586c8ea96a4ddcd53d
9b66842d0782467e5ef6fdd1ae53eb3cca595ea160b084c135,ac1502b1e3997b6f1306a0f54da03060fe862a26b28fdd4dec
dd84f6111ea9f7d207329a37dd88ebceafd8b5bdd2b69bd2e5,e2848a47bffbaa16d64d07605c69b6f9231d1450b522c5acc2
f4180e06f3b29f0e19a6a9c40126038e61fe1d6a214bdbcb84,33fa499e153293f2a944b2aa8dd346b0eb3e52e50d3358030f
fa24d1fc40c3d92d33ea9bb40f87694b1d377558e0cc5a449f,9b66842d0782467e5ef6fdd1ae53eb3cca595ea160b084c135
1d732af3da3978b01b0cacdd3a7d3a7856b2134b18a9e08140,17349fd80eca127803918b0740c9c0a40310dd436fa19284cf
36adc2153c7341051a05166475f8828dba798c62240f65ff9a,bcd377e625149c1054ab2fda56c417401faecde58f5639222b
1b5a9658d09315a6dc1c002efa003c527d572791463929e01c,cf358eabc5547df242a16ef2fcc3f8d46277fd78c7d67d4446
